1020	Put your doll here
1021	Drag clothes onto the doll to try them on
1022	Drag clothes onto the doll to try on, and share as a card
1023	Drag clothes onto the doll to try on, and save as a Look
1024	Remove a tag from the selected clothes
1025	Fetch failed (
1026	Fetch list
1027	Cape
1028	Piece stickers {0}/{1} {2}
1029	Split into "{0} – piece" items, each with its own sticker
1030	Magnets removed
1031	Take photos and pick a size; the AI fills in the name and style
1032	Take a photo and tap the clothes to cut them out
1033	Photo intake
1034	Name, type, color and style filled in from the photo; sets are split into pieces
1035	Take or pick photos
1036	Shoot raindrops on the window as foreground, give the doll a tiny umbrella, and keep the tones cool.
1037	Polaroid
1038	Take / pick a doll photo
1039	Drag the dot at the top right to rotate and resize; on phones you can also twist and pinch with two fingers.
1040	Drag, resize, rotate
1041	Slippers
1042	Take out
1043	Add to closet
1044	Remove holiday theme
1045	Tapping "Done" doesn't remove it; it stays in the "Care log" with when it was sent and returned.
1046	Tap "OK" to replace current data, or "Cancel" to merge instead.
1047	Tap "Edit" to add the arrival date, and we'll remember how long {0} has been home and celebrate every year
1048	Hold and drag clothes, pinch to resize; the dot at the top right rotates. Put a cut-out doll photo on the doll shelf to bring the doll onto the canvas.
1049	Shedding
1050	Use
1051	Suggestions favor the doll's "styles" (set them by tapping "Worn ratio" on home).
1052	Previewed 7 days and 1 day before, and celebrated on home on the day. Add the year to show the age.
1053	Reminders appear on home; add Wawa Closet to your Home Screen and turn on notifications to get alerts too.
1054	Reminders appear on home; turn on phone notifications to get alerts too.
1055	Reminders & notifications
1056	Another one
1057	Change photo
1058	Try different filters
1059	Try different filters
1060	New stuffing
1061	Outfit changes
1062	{0} outfit changes
1063	Changes by weekday, monthly outfit trends, whether recent style preferences changed
1064	Changes by weekday, monthly outfit trends, how recent purchases differ from before
1065	Changed
1066	New skeleton
1067	Search name, brand, tags
1068	Which doll is it for
1069	Styling
1070	Outfit analysis
1071	Styling & records
1072	Styling canvas · random outfit
1073	Styling: try-ons
1074	Keepsakes
1075	Keepsake
1076	Put away
1077	Put away {0} days
1078	{0} put away
1079	Put away
1080	Dolls put away don't show on home or in reminders; open one and tap "Take out" to play again.
1081	Put in the archive
1082	Back to auto
1083	Back to auto
1084	When editing a set, the pieces from it are updated too.
1085	Use that day
1086	Move to the memory box instead
1087	Show {0} counts
1088	Add your doll
1089	Add a doll (at the bottom layer, drag clothes onto them):
1090	Put on canvas
1091	Somewhere else
1092	Somewhere else
1093	Center on home
1094	Zoom in
1095	Add photo
1096	Put in
1097	Move to the memory box
1098	Stash
1099	Add to considering
1100	Whole set
1101	Add the whole set
1102	Move the whole set ("{0}", {1} pieces)
1103	Add whole sets:
1104	Whole image
1105	Everything was removed. Try a lower "Removal strength" or restore with the repair brush
1106	Care log
1107	Care log · {0}
1108	Care log:
1109	Care log: send and return dates are kept
1110	Organizing the closet
1111	Text copied
1112	Text model
1113	Cape
1114	Singapore
1115	New Taipei City
1116	Add
1117	Add doll
1118	Add a doll and home becomes their stage
1119	Add my doll
1120	New categories also appear in the add menu and are used by AI analysis.
1121	New Year
1122	Niigata
1123	New Territories
1124	Xinjiang
1125	Hsinchu City
1126	Hsinchu County
1127	Rotate
1128	Rotate / resize
1129	Sun
1130	Everyday
1131	Date
1132	Japan
1133	Japanese
1134	Tomorrow
1135	{0} is tomorrow
1136	Spring
1137	It's a set! The sticker was made as a single piece, so {0} was removed. Tap "Sticker each piece" to make each one
1138	It's a set. Tap "Sticker each piece" to make each one
1139	Yes, continue
1140	OK
1141	Smart select failed to load; use the brush for now
1142	Smart select isn't loaded yet
1143	Service paused
1144	Not with me for now
1145	Put dolls you're not playing with in the "Archive"; they won't show on home or in reminders. After 90 days without appearances you'll be asked (not for keepsake dolls or dolls that are away).
1146	Temporarily unavailable
1147	Away
1148	Away · archive · farewell
1149	Away: home shows a little car and a countdown
1150	Update
1151	Updating…
1152	Best value
1153	Best-value clothes
1154	Best value: white lace blouse
1155	Most are {0}, {1}.
1156	Most visited places
1157	Changes most on {0} · weekends {1}%
1158	Changes most on Saturday
1159	Most paired
1160	Most worn
1161	Most worn Looks
1162	Most worn clothes
1163	Most worn: {0}
1164	Most worn: weekend picnic
1165	Final check
1166	Newest
1167	Newest arrival
1168	Most versatile pieces
1169	Most versatile pieces, most worn Looks, combos that always go together, each doll's favorite
1170	Most versatile pieces, most worn Looks, combos that always go together, and each doll's favorite
1171	Most versatile: white lace blouse
1172	Last 12 months total
1173	Last 3 months{0}{1}{2}.
1174	Last 6 months · this month {0}
1175	6-month trend
1176	Recently added
1177	Recently worn
1178	{0} recently forgotten
1179	Newest place unlocked: 
1180	Buying more and more: sweet style
1181	Best fit: Snowy
1182	Member
1183	Membership is NT$90/month; the extra monthly quota is worth about
1184	Member · you can use points after the monthly quota
1185	Member features {0}
1186	Member feature. Tells you if your closet has something nearly identical, same style in another color, or a very similar style; also warns if you sold or gave away something very similar.
1187	Member-only feature
1188	Members can check {0} times a month.
1189	The extra monthly AI quota for members is worth about {0} points.
1190	Membership & AI
1191	Members only · {0} a month
1192	Split evenly across pieces
1193	Month
1194	Yes
1195	{0} same style, different color
1196	{0} items are "{1}"; after deleting they'll become "Other". Continue?
1197	{0} items are marked {1}; after deleting, this size will be removed from them. Continue?
1198	{0} items have no size yet; pick one to add
1199	{0} with a very similar style
1200	{0} outings have no place yet; add them in "Footprints" on the doll page.
1201	Signs of use
1202	Fitting sets are occasionally suggested as a whole
1203	You have the same style in other colors. If you're collecting colors, this fills a gap; if not, consider whether they'd clash.
1204	Whole sets when available (off = always mix)
1205	Some sets don't have piece stickers yet, so their pieces won't have their own images. Continue?
1206	Minor flaws
1207	Has a character
1208	When there's a new version, "New version available, tap to update" appears at the bottom.
1209	有標記「壓箱底」的請優先考慮，讓它們有機會出場；
1210	Washed or not
1211	Has flaws
1212	Worn before
1213	With holiday wear: 3 weeks before, the day before and on the day
1214	To handle
1215	Service key
1216	Service URL
1217	Not washed
1218	Untitled
1219	Untitled set
1220	No size
1221	No doll selected
1222	Unknown error
1223	Never worn
1224	Not set
1225	Off
1226	This month
1227	This month {0} · all {1}{2}
1228	This month's free "{0}" is used up
1229	This month's "{0}" is used up
1230	Left this month
1231	Local file (file://): the page origin is null and most servers block it
1232	Apricot
1233	Material
1234	Tokyo
1235	Northeast
1236	Northeast
1237	East
1238	East
1239	Johor
1240	Tochigi
1241	Peach
1242	Taoyuan City
1243	Box
1244	Liang Zhan: often wears tops, outerwear
1245	Flattened stuffing
1246	Brown
1247	Brown
1248	Forest
1249	Negeri Sembilan
1250	Mark which set it belongs to (if any)
1251	Tags
1252	Tags{0}
1253	Tags can hold series, collections, events, e.g. "Love and Deepspace". A piece can have many tags, and you can filter by tag at the top of the closet.
1254	Tag filter
1255	Tags (separate with commas)
1256	Items marked as keepsakes won't appear here.
1257	Mark as keepsake
1258	Model
1259	Orange
1260	Orange
1261	Orange
1262	Checking
1263	Penang
1264	Shop window reflections, signs and stairs make great backdrops for a "caught while shopping" shot.
1265	times
1266	times{0}{1}
1267	times.
1268	When uses run out you can use points: item analysis, outfit identify and outfit ideas 1 pt, AI image 5 pts, pre-buy check 3 pts (members only).
1269	times: {0}
1270	Welcome home, {0}!
1271	Welcome to Wawa Closet
1272	Welcome back, {0}!
1273	Welcome home
1274	Welcome-home card
1275	Welcome home, {0}
1276	Welcome home, {0}!
1277	OK
1278	One big image each
1279	Monthly spending, cost per wear, best value, bought but unworn, and how much you recovered from sales
